incident_id,days_open,application_name,assignment_group,priority,current_state,state_after_six_months
INC0001,173,App3,Support Team,3,In Progress,Closed
INC0002,48,App3,Support Team,1,Closed,Closed
INC0003,118,App3,Support Team,8,In Progress,Closed
INC0004,193,App5,IT Operations,2,Closed,Closed
INC0005,68,App4,Security Team,10,Closed,Closed
INC0006,196,App1,Support Team,10,In Progress,Closed
INC0007,104,App5,Support Team,1,In Progress,In Progress
INC0008,10,App2,Support Team,8,In Progress,Closed
INC0009,212,App3,IT Operations,7,Closed,Closed
INC0010,22,App2,IT Operations,8,Closed,Closed
INC0011,243,App5,IT Operations,10,In Progress,Closed
INC0012,37,App2,IT Operations,1,Closed,Closed
INC0013,88,App5,Security Team,10,Closed,Closed
INC0014,71,App2,IT Operations,5,In Progress,Open
INC0015,217,App3,IT Operations,9,Closed,Closed
INC0016,89,App4,Support Team,6,Open,In Progress
INC0017,141,App3,IT Operations,3,In Progress,Open
INC0018,59,App3,Security Team,6,Open,In Progress
INC0019,194,App3,Security Team,5,Open,Open
INC0020,231,App4,Support Team,2,Open,Open
INC0021,40,App3,Security Team,1,Open,Open
INC0022,88,App5,IT Operations,3,Open,Open
INC0023,175,App2,IT Operations,6,Open,In Progress
INC0024,89,App4,Security Team,5,In Progress,Open
INC0025,82,App1,Security Team,3,In Progress,Open
INC0026,166,App5,IT Operations,8,Closed,Closed
INC0027,26,App4,Support Team,4,In Progress,Closed
INC0028,78,App2,IT Operations,6,Open,In Progress
INC0029,73,App4,Support Team,7,In Progress,Closed
INC0030,10,App5,Support Team,5,Open,Open
INC0031,149,App5,Security Team,10,Open,In Progress
INC0032,116,App1,Support Team,9,In Progress,Closed
INC0033,209,App3,IT Operations,1,Open,Open
INC0034,244,App2,IT Operations,1,Open,Open
INC0035,198,App5,Security Team,3,Open,Open
INC0036,80,App5,Support Team,7,Open,In Progress
INC0037,176,App2,IT Operations,2,Open,Open
INC0038,193,App5,Support Team,6,In Progress,Closed
INC0039,83,App1,IT Operations,10,Open,In Progress
INC0040,100,App1,IT Operations,6,In Progress,Closed
INC0041,217,App3,IT Operations,3,In Progress,Open
INC0042,178,App4,IT Operations,4,In Progress,Open
INC0043,244,App2,Security Team,4,In Progress,Open
INC0044,30,App1,Security Team,4,In Progress,Open
INC0045,148,App1,Support Team,9,Open,In Progress
INC0046,148,App1,Support Team,6,In Progress,Closed
INC0047,143,App1,Security Team,10,In Progress,Closed
INC0048,168,App3,IT Operations,6,Closed,Closed
INC0049,33,App5,Support Team,2,In Progress,In Progress
INC0050,194,App1,Support Team,9,In Progress,Closed
INC0051,10,App3,Security Team,8,Closed,Closed
INC0052,186,App4,Support Team,8,In Progress,Closed
INC0053,128,App5,Security Team,2,Open,Open
INC0054,33,App4,IT Operations,10,In Progress,Closed
INC0055,32,App5,Support Team,1,Closed,Closed
INC0056,203,App5,IT Operations,10,In Progress,Closed
INC0057,245,App5,IT Operations,5,Open,Open
INC0058,152,App3,Security Team,7,In Progress,Closed
INC0059,164,App2,IT Operations,1,Open,Open
INC0060,204,App4,Security Team,4,Open,Open
INC0061,115,App5,Security Team,4,Closed,Closed
INC0062,184,App5,Support Team,5,Closed,Closed
INC0063,29,App1,IT Operations,2,Open,Open
INC0064,35,App1,Security Team,1,In Progress,In Progress
INC0065,129,App3,Support Team,5,Closed,Closed
INC0066,129,App5,Security Team,7,Closed,Closed
INC0067,165,App4,IT Operations,9,Open,In Progress
INC0068,54,App4,IT Operations,3,Closed,Closed
INC0069,134,App1,Support Team,2,In Progress,In Progress
INC0070,39,App1,Support Team,3,Closed,Closed
INC0071,233,App2,Support Team,2,In Progress,In Progress
INC0072,245,App5,Support Team,1,Open,Open
INC0073,18,App5,Support Team,2,Open,Open
INC0074,80,App1,IT Operations,7,Closed,Closed
INC0075,133,App1,Support Team,5,Closed,Closed
INC0076,106,App1,Support Team,5,Open,Open
INC0077,43,App2,Support Team,6,Closed,Closed
INC0078,187,App2,Support Team,10,Closed,Closed
INC0079,32,App2,IT Operations,4,In Progress,Open
INC0080,121,App5,IT Operations,7,Closed,Closed
INC0081,2,App2,Security Team,1,Open,Open
INC0082,66,App5,Support Team,3,Open,Open
INC0083,232,App1,Support Team,1,Open,Open
INC0084,170,App5,IT Operations,8,In Progress,Closed
INC0085,58,App4,IT Operations,8,Closed,Closed
INC0086,36,App3,IT Operations,2,In Progress,In Progress
INC0087,103,App1,Support Team,5,Open,Open
INC0088,120,App4,Security Team,10,Open,In Progress
INC0089,12,App3,Security Team,9,Open,In Progress
INC0090,175,App4,IT Operations,1,Open,Open
INC0091,83,App3,IT Operations,4,In Progress,Open
INC0092,92,App3,IT Operations,5,Open,Open
INC0093,129,App2,IT Operations,7,In Progress,Closed
INC0094,143,App4,Security Team,2,Closed,Closed
INC0095,100,App4,Security Team,4,Closed,Closed
INC0096,54,App1,IT Operations,4,Closed,Closed
INC0097,141,App5,Security Team,3,In Progress,Open
INC0098,122,App4,IT Operations,5,Closed,Closed
INC0099,171,App4,Security Team,5,Closed,Closed
INC0100,85,App1,Support Team,5,Open,Open
INC0101,204,App1,Support Team,10,Open,In Progress
INC0102,69,App2,Security Team,6,In Progress,Closed
INC0103,7,App5,IT Operations,9,In Progress,Closed
INC0104,197,App5,Security Team,4,Closed,Closed
INC0105,48,App2,IT Operations,7,Open,In Progress
INC0106,128,App1,IT Operations,6,Open,In Progress
INC0107,245,App1,IT Operations,4,Closed,Closed
INC0108,132,App1,IT Operations,4,Closed,Closed
INC0109,205,App4,Security Team,8,Closed,Closed
INC0110,101,App5,Security Team,1,In Progress,In Progress
INC0111,181,App5,Support Team,10,In Progress,Closed
INC0112,233,App3,IT Operations,8,Open,In Progress
INC0113,79,App3,Support Team,5,Open,Open
INC0114,144,App4,Security Team,1,Open,Open
INC0115,149,App4,Security Team,6,In Progress,Closed
INC0116,228,App5,IT Operations,4,Open,Open
INC0117,187,App3,Security Team,7,Open,In Progress
INC0118,24,App2,IT Operations,8,Open,In Progress
INC0119,208,App1,Support Team,1,In Progress,In Progress
INC0120,142,App5,IT Operations,4,In Progress,Open
INC0121,118,App2,Security Team,3,Closed,Closed
INC0122,86,App4,Security Team,1,Open,Open
INC0123,49,App1,Security Team,8,In Progress,Closed
INC0124,50,App4,Support Team,1,Open,Open
INC0125,70,App3,IT Operations,8,In Progress,Closed
INC0126,170,App2,Support Team,3,Closed,Closed
INC0127,164,App1,Security Team,1,In Progress,In Progress
INC0128,193,App1,IT Operations,3,In Progress,Open
INC0129,96,App4,Support Team,7,Open,In Progress
INC0130,198,App5,IT Operations,1,Open,Open
INC0131,95,App2,Security Team,9,Open,In Progress
INC0132,1,App1,Support Team,4,In Progress,Closed
INC0133,114,App1,IT Operations,4,Open,Open
INC0134,179,App3,IT Operations,7,Open,In Progress
INC0135,37,App2,Security Team,7,Closed,Closed
INC0136,163,App2,Security Team,7,Open,In Progress
INC0137,49,App1,Security Team,5,Open,Open
INC0138,94,App2,Support Team,3,In Progress,Closed
INC0139,132,App2,Support Team,6,Closed,Closed
INC0140,99,App1,IT Operations,5,Open,Open
INC0141,43,App1,IT Operations,3,Open,Open
INC0142,206,App4,Support Team,1,In Progress,In Progress
INC0143,113,App4,IT Operations,10,Open,In Progress
INC0144,232,App4,Support Team,2,Open,Open
INC0145,150,App4,IT Operations,6,Open,In Progress
INC0146,202,App2,Support Team,10,Closed,Closed
INC0147,128,App3,IT Operations,6,Closed,Closed
INC0148,1,App1,IT Operations,9,Closed,Closed
INC0149,139,App1,Support Team,5,Open,Open
INC0150,115,App5,Security Team,10,In Progress,Closed
INC0151,44,App3,Support Team,1,In Progress,In Progress
INC0152,187,App3,Support Team,7,Open,In Progress
INC0153,128,App1,Security Team,2,In Progress,In Progress
INC0154,24,App3,IT Operations,2,In Progress,In Progress
INC0155,188,App5,Security Team,4,In Progress,Open
INC0156,131,App2,Security Team,1,Closed,Closed
INC0157,122,App4,Security Team,4,In Progress,Open
INC0158,99,App5,IT Operations,2,Closed,Closed
INC0159,63,App4,Support Team,4,Open,Open
INC0160,164,App1,Security Team,2,Open,Open
INC0161,223,App2,IT Operations,5,In Progress,Open
INC0162,124,App5,IT Operations,8,Closed,Closed
INC0163,196,App3,Support Team,7,Closed,Closed
INC0164,83,App2,Support Team,5,Open,Open
INC0165,175,App5,Security Team,6,Closed,Closed
INC0166,228,App2,IT Operations,7,Open,In Progress
INC0167,149,App1,Support Team,1,In Progress,In Progress
INC0168,210,App3,Security Team,5,Closed,Closed
INC0169,51,App4,IT Operations,10,Open,In Progress
INC0170,156,App4,IT Operations,4,Closed,Closed
INC0171,15,App4,Support Team,8,Open,In Progress
INC0172,42,App5,IT Operations,1,In Progress,In Progress
INC0173,59,App2,IT Operations,1,Closed,Closed
INC0174,194,App3,Support Team,9,Closed,Closed
INC0175,37,App3,IT Operations,4,Closed,Closed
INC0176,11,App5,IT Operations,7,Closed,Closed
INC0177,87,App3,Security Team,6,Open,In Progress
INC0178,44,App3,IT Operations,8,In Progress,Closed
INC0179,105,App2,Support Team,4,In Progress,Closed
INC0180,12,App2,IT Operations,3,Open,Open
INC0181,3,App2,Support Team,9,In Progress,Closed
INC0182,52,App5,Support Team,2,Closed,Closed
INC0183,81,App5,IT Operations,4,In Progress,Open
INC0184,33,App5,Support Team,9,Closed,Closed
INC0185,183,App3,Security Team,4,Closed,Closed
INC0186,129,App4,Support Team,6,Closed,Closed
INC0187,39,App3,Security Team,2,Closed,Closed
INC0188,20,App2,Support Team,3,Open,Open
INC0189,175,App4,IT Operations,7,In Progress,Closed
INC0190,43,App1,Support Team,4,Closed,Closed
INC0191,116,App4,Support Team,3,Closed,Closed
INC0192,185,App2,Support Team,6,Open,In Progress
INC0193,189,App2,Security Team,4,In Progress,Open
INC0194,233,App2,Security Team,6,Open,In Progress
INC0195,78,App2,Security Team,2,Closed,Closed
INC0196,31,App1,Security Team,10,Closed,Closed
INC0197,25,App4,Security Team,2,In Progress,In Progress
INC0198,126,App1,IT Operations,6,Open,In Progress
INC0199,3,App3,Support Team,10,In Progress,Closed
INC0200,4,App4,Support Team,9,Closed,Closed
INC0201,95,App3,IT Operations,10,Open,In Progress
INC0202,227,App3,IT Operations,4,Closed,Closed
INC0203,108,App3,IT Operations,3,In Progress,Open
INC0204,14,App2,IT Operations,3,Closed,Closed
INC0205,113,App4,Security Team,5,Open,Open
INC0206,41,App5,Support Team,8,Closed,Closed
INC0207,73,App4,IT Operations,9,In Progress,Closed
INC0208,20,App2,IT Operations,9,Closed,Closed
INC0209,96,App4,Support Team,6,Closed,Closed
INC0210,73,App2,IT Operations,6,In Progress,Closed
INC0211,155,App4,Security Team,4,In Progress,Open
INC0212,195,App4,Security Team,8,Closed,Closed
INC0213,249,App3,Security Team,7,In Progress,Closed
INC0214,181,App1,IT Operations,1,Open,Open
INC0215,68,App4,Support Team,9,Closed,Closed
INC0216,237,App5,IT Operations,6,In Progress,Closed
INC0217,62,App1,Support Team,6,Closed,Closed
INC0218,15,App5,Security Team,4,Open,Open
INC0219,97,App4,Security Team,9,Open,In Progress
INC0220,5,App2,Support Team,10,In Progress,Closed
INC0221,196,App4,IT Operations,10,Closed,Closed
INC0222,238,App3,IT Operations,8,Open,In Progress
INC0223,140,App2,IT Operations,5,Open,Open
INC0224,87,App5,Security Team,8,Closed,Closed
INC0225,206,App4,IT Operations,2,Open,Open
INC0226,122,App4,Support Team,4,Open,Open
INC0227,110,App2,IT Operations,6,Open,In Progress
INC0228,76,App4,IT Operations,9,Open,In Progress
INC0229,185,App1,Support Team,10,Open,In Progress
INC0230,17,App5,Support Team,6,In Progress,Closed
INC0231,153,App4,Security Team,9,Open,In Progress
INC0232,158,App4,Security Team,8,Open,In Progress
INC0233,150,App2,IT Operations,4,Closed,Closed
INC0234,111,App3,IT Operations,6,Closed,Closed
INC0235,26,App5,Security Team,10,In Progress,Closed
INC0236,209,App1,IT Operations,7,In Progress,Closed
INC0237,189,App1,IT Operations,6,Open,In Progress
INC0238,122,App2,Support Team,4,Closed,Closed
INC0239,119,App1,IT Operations,3,Open,Open
INC0240,118,App3,Support Team,4,Closed,Closed
INC0241,190,App4,Security Team,10,In Progress,Closed
INC0242,84,App5,IT Operations,2,Open,Open
INC0243,162,App4,Support Team,7,Open,In Progress
INC0244,105,App2,Support Team,10,In Progress,Closed
INC0245,161,App4,Support Team,4,Closed,Closed
INC0246,229,App3,Support Team,8,In Progress,Closed
INC0247,122,App1,IT Operations,8,Open,In Progress
INC0248,71,App5,Security Team,6,Closed,Closed
INC0249,214,App3,Support Team,3,Open,Open
INC0250,32,App2,Security Team,2,In Progress,In Progress
INC0251,14,App5,Support Team,8,Closed,Closed
INC0252,72,App4,Support Team,6,Open,In Progress
INC0253,185,App2,Support Team,1,Closed,Closed
INC0254,153,App4,Security Team,4,Closed,Closed
INC0255,80,App3,Security Team,8,Closed,Closed
INC0256,42,App3,Security Team,2,Closed,Closed
INC0257,19,App2,IT Operations,1,In Progress,In Progress
INC0258,41,App1,Security Team,9,Open,In Progress
INC0259,183,App2,IT Operations,2,Open,Open
INC0260,208,App1,IT Operations,8,Open,In Progress
INC0261,12,App2,Security Team,8,In Progress,Closed
INC0262,167,App2,Support Team,7,Open,In Progress
INC0263,112,App5,Support Team,1,Closed,Closed
INC0264,94,App1,IT Operations,6,Open,In Progress
INC0265,250,App1,Support Team,6,Closed,Closed
INC0266,130,App3,Support Team,7,Closed,Closed
INC0267,224,App4,IT Operations,6,Closed,Closed
INC0268,119,App3,Security Team,4,In Progress,Open
INC0269,45,App1,IT Operations,4,Open,Open
INC0270,217,App5,Security Team,9,In Progress,Closed
INC0271,126,App1,Security Team,4,Closed,Closed
INC0272,25,App4,IT Operations,10,Open,In Progress
INC0273,68,App4,Support Team,4,In Progress,Closed
INC0274,211,App2,Security Team,4,In Progress,Open
INC0275,240,App5,IT Operations,7,Closed,Closed
INC0276,4,App3,IT Operations,5,Closed,Closed
INC0277,235,App5,IT Operations,3,Closed,Closed
INC0278,205,App2,Security Team,6,Open,In Progress
INC0279,231,App1,Support Team,2,In Progress,In Progress
INC0280,36,App4,Support Team,9,Closed,Closed
INC0281,215,App1,IT Operations,10,In Progress,Closed
INC0282,190,App1,Security Team,9,Closed,Closed
INC0283,198,App2,Support Team,6,In Progress,Closed
INC0284,216,App3,IT Operations,9,Closed,Closed
INC0285,44,App1,Support Team,4,In Progress,Closed
INC0286,33,App4,Support Team,1,Open,Open
INC0287,12,App4,Security Team,7,Open,In Progress
INC0288,105,App3,IT Operations,4,Open,Open
INC0289,213,App3,Support Team,2,Closed,Closed
INC0290,139,App2,Support Team,8,Closed,Closed
INC0291,183,App5,Security Team,9,In Progress,Closed
INC0292,236,App4,Security Team,4,In Progress,Open
INC0293,166,App1,Support Team,8,Open,In Progress
INC0294,126,App2,Security Team,7,Closed,Closed
INC0295,157,App3,Security Team,8,Closed,Closed
INC0296,112,App1,IT Operations,10,Closed,Closed
INC0297,233,App5,IT Operations,7,Closed,Closed
INC0298,3,App3,Support Team,10,Open,In Progress
INC0299,28,App5,Support Team,7,Closed,Closed
INC0300,212,App5,Support Team,8,Closed,Closed
INC0301,218,App4,Security Team,9,Open,In Progress
INC0302,152,App4,IT Operations,6,Open,In Progress
INC0303,54,App5,Support Team,7,In Progress,Closed
INC0304,52,App4,IT Operations,4,Open,Open
INC0305,175,App3,Security Team,8,In Progress,Closed
INC0306,149,App5,IT Operations,3,Open,Open
INC0307,182,App5,Security Team,8,Open,In Progress
INC0308,30,App2,Support Team,9,Closed,Closed
INC0309,68,App2,Security Team,3,Closed,Closed
INC0310,36,App2,Security Team,4,Open,Open
INC0311,40,App2,Security Team,2,Closed,Closed
INC0312,138,App1,Security Team,9,In Progress,Closed
INC0313,74,App2,Support Team,2,Open,Open
INC0314,42,App3,IT Operations,1,In Progress,In Progress
INC0315,152,App1,Support Team,1,Open,Open
INC0316,132,App3,Support Team,6,Open,In Progress
INC0317,47,App2,Security Team,2,Open,Open
INC0318,219,App5,Support Team,6,Open,In Progress
INC0319,179,App1,Security Team,1,Open,Open
INC0320,109,App5,IT Operations,4,Closed,Closed
INC0321,4,App3,Security Team,9,In Progress,Closed
INC0322,32,App3,IT Operations,1,Open,Open
INC0323,10,App1,Support Team,9,Closed,Closed
INC0324,139,App3,Security Team,10,Open,In Progress
INC0325,28,App1,IT Operations,5,Open,Open
INC0326,174,App3,Support Team,7,In Progress,Closed
INC0327,200,App5,IT Operations,10,Open,In Progress
INC0328,168,App4,Security Team,1,In Progress,In Progress
INC0329,62,App2,IT Operations,2,Open,Open
INC0330,86,App2,IT Operations,8,Closed,Closed
INC0331,98,App4,IT Operations,3,Open,Open
INC0332,45,App4,Support Team,7,Closed,Closed
INC0333,35,App1,IT Operations,4,Closed,Closed
INC0334,163,App3,IT Operations,5,Closed,Closed
INC0335,89,App5,IT Operations,5,Closed,Closed
INC0336,34,App2,IT Operations,6,Open,In Progress
INC0337,134,App4,Security Team,1,Open,Open
INC0338,233,App4,Security Team,1,Closed,Closed
INC0339,37,App4,Support Team,9,Closed,Closed
INC0340,1,App3,IT Operations,7,In Progress,Closed
INC0341,204,App5,Support Team,7,Open,In Progress
INC0342,35,App4,IT Operations,5,In Progress,Open
INC0343,198,App5,Security Team,9,Closed,Closed
INC0344,127,App2,IT Operations,10,In Progress,Closed
INC0345,182,App1,Support Team,1,In Progress,In Progress
INC0346,81,App1,IT Operations,8,Closed,Closed
INC0347,191,App2,Security Team,6,In Progress,Closed
INC0348,137,App1,Support Team,7,In Progress,Closed
INC0349,190,App4,IT Operations,4,Open,Open
INC0350,130,App3,Security Team,10,Closed,Closed
INC0351,210,App1,IT Operations,1,Open,Open
INC0352,113,App2,Security Team,5,Open,Open
INC0353,36,App3,Support Team,3,Closed,Closed
INC0354,121,App2,Support Team,2,In Progress,In Progress
INC0355,92,App4,IT Operations,8,Closed,Closed
INC0356,169,App2,Security Team,2,Closed,Closed
INC0357,117,App4,Support Team,1,Closed,Closed
INC0358,37,App1,IT Operations,3,Closed,Closed
INC0359,177,App3,IT Operations,8,In Progress,Closed
INC0360,26,App5,IT Operations,9,Open,In Progress
INC0361,68,App3,Security Team,9,In Progress,Closed
INC0362,104,App5,IT Operations,1,Open,Open
INC0363,36,App1,Security Team,7,Closed,Closed
INC0364,115,App2,IT Operations,6,In Progress,Closed
INC0365,31,App4,Security Team,5,Closed,Closed
INC0366,30,App4,IT Operations,8,Closed,Closed
INC0367,242,App4,IT Operations,5,Closed,Closed
INC0368,34,App1,Security Team,1,In Progress,In Progress
INC0369,147,App1,Support Team,7,Closed,Closed
INC0370,18,App5,Support Team,5,Open,Open
INC0371,222,App3,Support Team,7,Closed,Closed
INC0372,85,App3,Security Team,5,In Progress,Open
INC0373,3,App2,Support Team,1,In Progress,In Progress
INC0374,70,App5,IT Operations,3,Closed,Closed
INC0375,102,App1,Security Team,9,Open,In Progress
INC0376,141,App1,Support Team,8,Closed,Closed
INC0377,45,App4,IT Operations,9,In Progress,Closed
INC0378,118,App5,IT Operations,7,Closed,Closed
INC0379,67,App5,Security Team,5,Closed,Closed
INC0380,112,App1,Support Team,5,In Progress,Closed
INC0381,92,App5,IT Operations,10,In Progress,Closed
INC0382,86,App4,Support Team,9,In Progress,Closed
INC0383,168,App4,IT Operations,5,In Progress,Open
INC0384,40,App1,IT Operations,6,Open,In Progress
INC0385,204,App1,Security Team,4,Closed,Closed
INC0386,151,App5,Support Team,5,In Progress,Closed
INC0387,159,App5,IT Operations,3,In Progress,Open
INC0388,146,App3,Support Team,3,Closed,Closed
INC0389,199,App5,Support Team,8,Open,In Progress
INC0390,200,App5,Support Team,10,In Progress,Closed
INC0391,19,App2,Security Team,6,In Progress,Closed
INC0392,93,App1,IT Operations,3,Open,Open
INC0393,44,App5,Support Team,2,Open,Open
INC0394,84,App2,Security Team,5,In Progress,Open
INC0395,178,App5,Support Team,5,In Progress,Closed
INC0396,42,App1,Security Team,2,In Progress,In Progress
INC0397,94,App3,Support Team,9,Closed,Closed
INC0398,175,App4,Support Team,10,In Progress,Closed
INC0399,150,App1,Support Team,3,Open,Open
INC0400,202,App1,Security Team,6,Open,In Progress
INC0401,90,App2,Security Team,9,Open,In Progress
INC0402,243,App2,IT Operations,3,In Progress,Open
INC0403,225,App2,IT Operations,10,In Progress,Closed
INC0404,220,App3,Security Team,5,Open,Open
INC0405,74,App2,IT Operations,10,Closed,Closed
INC0406,29,App1,Security Team,7,In Progress,Closed
INC0407,236,App2,Security Team,2,Open,Open
INC0408,210,App5,Security Team,3,Closed,Closed
INC0409,106,App5,IT Operations,7,Open,In Progress
INC0410,187,App4,Support Team,3,In Progress,Closed
INC0411,129,App5,IT Operations,1,Closed,Closed
INC0412,215,App4,Support Team,1,Closed,Closed
INC0413,64,App5,IT Operations,7,In Progress,Closed
INC0414,17,App3,Support Team,10,In Progress,Closed
INC0415,107,App4,Support Team,7,In Progress,Closed
INC0416,165,App5,Security Team,3,Closed,Closed
INC0417,95,App4,IT Operations,4,Open,Open
INC0418,25,App4,Support Team,3,Open,Open
INC0419,117,App5,IT Operations,1,Open,Open
INC0420,192,App1,Security Team,10,In Progress,Closed
INC0421,196,App2,Security Team,7,In Progress,Closed
INC0422,52,App4,Support Team,2,Open,Open
INC0423,137,App4,Security Team,5,In Progress,Open
INC0424,185,App4,IT Operations,5,In Progress,Open
INC0425,92,App2,Security Team,3,Open,Open
INC0426,94,App4,Security Team,6,Open,In Progress
INC0427,124,App4,Security Team,3,In Progress,Open
INC0428,239,App5,Security Team,4,Closed,Closed
INC0429,88,App1,IT Operations,3,In Progress,Open
INC0430,161,App3,IT Operations,4,Closed,Closed
INC0431,148,App3,Support Team,9,Closed,Closed
INC0432,73,App2,Security Team,3,Closed,Closed
INC0433,200,App3,Support Team,5,Closed,Closed
INC0434,88,App1,Support Team,8,Closed,Closed
INC0435,14,App3,IT Operations,4,In Progress,Open
INC0436,59,App1,Security Team,4,Open,Open
INC0437,82,App1,Security Team,4,Closed,Closed
INC0438,121,App5,IT Operations,7,Closed,Closed
INC0439,117,App3,IT Operations,3,Closed,Closed
INC0440,184,App4,IT Operations,6,In Progress,Closed
INC0441,65,App2,Security Team,9,Open,In Progress
INC0442,204,App4,Support Team,8,Closed,Closed
INC0443,221,App3,Support Team,4,Closed,Closed
INC0444,165,App3,Security Team,4,In Progress,Open
INC0445,26,App4,Support Team,8,Closed,Closed
INC0446,33,App5,Security Team,3,Open,Open
INC0447,171,App3,Security Team,3,Open,Open
INC0448,15,App5,IT Operations,1,Closed,Closed
INC0449,215,App2,Security Team,8,In Progress,Closed
INC0450,29,App3,IT Operations,1,Open,Open
INC0451,21,App4,IT Operations,10,In Progress,Closed
INC0452,211,App5,Support Team,6,Open,In Progress
INC0453,69,App2,IT Operations,5,Open,Open
INC0454,23,App1,Support Team,9,Closed,Closed
INC0455,228,App2,Security Team,7,Open,In Progress
INC0456,123,App5,Support Team,5,Closed,Closed
INC0457,84,App3,Support Team,2,Open,Open
INC0458,136,App3,Support Team,7,Open,In Progress
INC0459,201,App1,Security Team,6,Open,In Progress
INC0460,62,App5,Security Team,9,Closed,Closed
INC0461,142,App3,IT Operations,8,Open,In Progress
INC0462,6,App3,Security Team,5,Open,Open
INC0463,1,App5,IT Operations,3,In Progress,Open
INC0464,137,App2,Security Team,3,In Progress,Open
INC0465,208,App4,Support Team,10,Open,In Progress
INC0466,208,App2,IT Operations,1,Closed,Closed
INC0467,182,App5,Security Team,2,In Progress,In Progress
INC0468,140,App2,Security Team,5,Closed,Closed
INC0469,5,App3,Security Team,10,Open,In Progress
INC0470,168,App5,Support Team,5,In Progress,Closed
INC0471,93,App3,IT Operations,4,Closed,Closed
INC0472,174,App3,IT Operations,1,Closed,Closed
INC0473,27,App3,IT Operations,6,In Progress,Closed
INC0474,75,App2,Security Team,9,Open,In Progress
INC0475,53,App4,IT Operations,9,Open,In Progress
INC0476,239,App1,IT Operations,8,In Progress,Closed
INC0477,178,App4,Security Team,3,Closed,Closed
INC0478,220,App1,Security Team,6,In Progress,Closed
INC0479,52,App5,Security Team,2,In Progress,In Progress
INC0480,228,App4,Security Team,6,In Progress,Closed
INC0481,106,App1,Support Team,3,Open,Open
INC0482,19,App3,Support Team,2,Open,Open
INC0483,118,App5,IT Operations,3,Closed,Closed
INC0484,35,App4,Support Team,10,In Progress,Closed
INC0485,52,App2,Security Team,7,In Progress,Closed
INC0486,159,App5,Support Team,8,In Progress,Closed
INC0487,182,App3,Security Team,5,In Progress,Open
INC0488,59,App3,Support Team,7,Open,In Progress
INC0489,172,App3,Security Team,2,Open,Open
INC0490,56,App1,IT Operations,6,Closed,Closed
INC0491,19,App4,IT Operations,8,Closed,Closed
INC0492,174,App5,Support Team,6,In Progress,Closed
INC0493,88,App4,Security Team,5,Closed,Closed
INC0494,194,App4,IT Operations,9,In Progress,Closed
INC0495,71,App1,Security Team,3,Open,Open
INC0496,235,App1,Support Team,10,Open,In Progress
INC0497,54,App3,Security Team,7,Open,In Progress
INC0498,49,App4,Security Team,2,Closed,Closed
INC0499,95,App1,Support Team,9,In Progress,Closed
INC0500,60,App3,IT Operations,8,Closed,Closed
INC0501,81,App5,Support Team,10,In Progress,Closed
INC0502,155,App1,Security Team,2,Closed,Closed
INC0503,125,App1,Support Team,2,Open,Open
INC0504,164,App5,Support Team,2,Closed,Closed
INC0505,59,App5,Security Team,10,Open,In Progress
INC0506,178,App1,Support Team,8,In Progress,Closed
INC0507,107,App5,IT Operations,10,Open,In Progress
INC0508,202,App5,IT Operations,9,Closed,Closed
INC0509,45,App3,Support Team,10,In Progress,Closed
INC0510,14,App1,Security Team,4,Closed,Closed
INC0511,122,App5,Support Team,6,Closed,Closed
INC0512,71,App3,Support Team,2,Closed,Closed
INC0513,39,App1,IT Operations,2,Open,Open
INC0514,168,App1,IT Operations,1,In Progress,In Progress
INC0515,137,App1,Security Team,8,Closed,Closed
INC0516,14,App5,Security Team,7,Open,In Progress
INC0517,249,App5,Security Team,3,Closed,Closed
INC0518,136,App4,Support Team,7,In Progress,Closed
INC0519,209,App3,Support Team,5,Open,Open
INC0520,249,App4,Support Team,2,Closed,Closed
INC0521,23,App3,Support Team,1,Closed,Closed
INC0522,249,App2,Security Team,5,Open,Open
INC0523,80,App4,Security Team,5,In Progress,Open
INC0524,218,App1,Security Team,8,In Progress,Closed
INC0525,9,App2,Support Team,1,In Progress,In Progress
INC0526,228,App2,Support Team,1,Open,Open
INC0527,7,App2,Security Team,8,Open,In Progress
INC0528,210,App3,IT Operations,10,Closed,Closed
INC0529,200,App5,Security Team,1,Open,Open
INC0530,213,App5,Support Team,7,Closed,Closed
INC0531,218,App2,Support Team,10,Open,In Progress
INC0532,195,App5,Security Team,5,In Progress,Open
INC0533,61,App1,IT Operations,7,In Progress,Closed
INC0534,145,App5,IT Operations,8,Open,In Progress
INC0535,57,App3,Support Team,7,Open,In Progress
INC0536,115,App2,Support Team,7,In Progress,Closed
INC0537,238,App4,Support Team,7,In Progress,Closed
INC0538,152,App1,Security Team,1,Open,Open
INC0539,25,App4,Support Team,8,In Progress,Closed
INC0540,5,App2,Support Team,6,Open,In Progress
INC0541,101,App2,Support Team,3,Open,Open
INC0542,237,App4,IT Operations,3,Open,Open
INC0543,50,App2,IT Operations,5,Open,Open
INC0544,88,App2,Support Team,1,Open,Open
INC0545,31,App2,IT Operations,5,Open,Open
INC0546,55,App5,IT Operations,8,Closed,Closed
INC0547,154,App5,IT Operations,4,Open,Open
INC0548,21,App3,IT Operations,9,Open,In Progress
INC0549,98,App4,Security Team,7,Closed,Closed
INC0550,102,App1,IT Operations,7,In Progress,Closed
INC0551,186,App4,IT Operations,6,Open,In Progress
INC0552,152,App4,IT Operations,3,Open,Open
INC0553,156,App3,IT Operations,7,Closed,Closed
INC0554,30,App5,Security Team,7,In Progress,Closed
INC0555,162,App1,Security Team,6,Open,In Progress
INC0556,116,App1,Support Team,1,Open,Open
INC0557,54,App3,IT Operations,3,Closed,Closed
INC0558,120,App2,IT Operations,2,In Progress,In Progress
INC0559,180,App4,Support Team,7,In Progress,Closed
INC0560,87,App4,Security Team,2,In Progress,In Progress
INC0561,247,App1,Support Team,5,In Progress,Closed
INC0562,8,App4,Security Team,3,Closed,Closed
INC0563,106,App1,Support Team,2,Closed,Closed
INC0564,242,App5,Support Team,6,Open,In Progress
INC0565,138,App5,IT Operations,3,Open,Open
INC0566,183,App1,Support Team,2,Closed,Closed
INC0567,129,App3,Security Team,6,In Progress,Closed
INC0568,84,App4,Security Team,3,Open,Open
INC0569,121,App1,Support Team,7,Open,In Progress
INC0570,165,App3,Security Team,7,In Progress,Closed
INC0571,210,App5,Support Team,3,Open,Open
INC0572,149,App4,IT Operations,1,Closed,Closed
INC0573,118,App4,IT Operations,5,Closed,Closed
INC0574,241,App5,IT Operations,6,Open,In Progress
INC0575,4,App2,IT Operations,8,Closed,Closed
INC0576,127,App1,Support Team,4,Open,Open
INC0577,43,App3,Security Team,7,Open,In Progress
INC0578,66,App3,Support Team,6,Closed,Closed
INC0579,21,App2,Security Team,6,Closed,Closed
INC0580,37,App3,Support Team,10,Closed,Closed
INC0581,69,App3,Security Team,3,Open,Open
INC0582,209,App4,Security Team,1,Closed,Closed
INC0583,113,App1,Support Team,6,In Progress,Closed
INC0584,176,App4,IT Operations,2,Open,Open
INC0585,139,App5,Support Team,4,Open,Open
INC0586,238,App4,IT Operations,1,In Progress,In Progress
INC0587,105,App2,Support Team,8,In Progress,Closed
INC0588,223,App1,Security Team,2,Open,Open
INC0589,92,App2,IT Operations,10,In Progress,Closed
INC0590,44,App1,Security Team,4,Closed,Closed
INC0591,64,App1,Security Team,7,Closed,Closed
INC0592,160,App1,Security Team,6,Open,In Progress
INC0593,149,App3,Support Team,7,Open,In Progress
INC0594,199,App4,Security Team,10,Closed,Closed
INC0595,10,App3,Support Team,7,Open,In Progress
INC0596,189,App3,IT Operations,2,Closed,Closed
INC0597,92,App4,Security Team,6,In Progress,Closed
INC0598,112,App2,IT Operations,5,In Progress,Open
INC0599,164,App1,IT Operations,8,In Progress,Closed
INC0600,84,App2,Support Team,7,Open,In Progress
INC0601,77,App2,IT Operations,4,In Progress,Open
INC0602,19,App5,Support Team,3,Closed,Closed
INC0603,114,App3,Support Team,4,Closed,Closed
INC0604,75,App1,IT Operations,7,Closed,Closed
INC0605,227,App4,IT Operations,6,Closed,Closed
INC0606,226,App2,IT Operations,8,Closed,Closed
INC0607,172,App5,Support Team,8,In Progress,Closed
INC0608,132,App5,Support Team,7,Closed,Closed
INC0609,141,App2,IT Operations,7,In Progress,Closed
INC0610,229,App2,Support Team,6,Closed,Closed
INC0611,59,App5,IT Operations,9,Open,In Progress
INC0612,130,App3,Support Team,6,In Progress,Closed
INC0613,114,App5,Support Team,4,Open,Open
INC0614,129,App5,Security Team,8,In Progress,Closed
INC0615,40,App5,Security Team,3,In Progress,Open
INC0616,25,App3,IT Operations,8,Open,In Progress
INC0617,187,App3,Security Team,3,Closed,Closed
INC0618,37,App3,Support Team,10,Closed,Closed
INC0619,100,App4,IT Operations,6,Closed,Closed
INC0620,70,App4,Security Team,1,Closed,Closed
INC0621,135,App4,IT Operations,3,In Progress,Open
INC0622,4,App4,IT Operations,9,Closed,Closed
INC0623,227,App1,Support Team,2,In Progress,In Progress
INC0624,122,App1,Security Team,9,In Progress,Closed
INC0625,169,App1,Support Team,3,In Progress,Closed
INC0626,189,App2,IT Operations,9,Open,In Progress
INC0627,162,App1,IT Operations,7,Open,In Progress
INC0628,29,App2,IT Operations,9,Closed,Closed
INC0629,69,App5,Security Team,4,In Progress,Open
INC0630,27,App1,Support Team,7,Closed,Closed
INC0631,225,App3,Support Team,5,Open,Open
INC0632,249,App4,Security Team,1,Open,Open
INC0633,110,App2,Support Team,7,Open,In Progress
INC0634,180,App5,Support Team,7,In Progress,Closed
INC0635,202,App1,IT Operations,4,Open,Open
INC0636,182,App4,IT Operations,5,Open,Open
INC0637,198,App3,IT Operations,9,Closed,Closed
INC0638,162,App5,Security Team,7,Closed,Closed
INC0639,136,App3,IT Operations,1,Closed,Closed
INC0640,126,App1,Support Team,1,Closed,Closed
INC0641,95,App2,Security Team,4,Open,Open
INC0642,73,App5,Support Team,6,Open,In Progress
INC0643,247,App1,Security Team,8,In Progress,Closed
INC0644,85,App1,Support Team,1,Open,Open
INC0645,136,App2,Security Team,10,Closed,Closed
INC0646,196,App2,Support Team,10,In Progress,Closed
INC0647,214,App1,IT Operations,9,In Progress,Closed
INC0648,220,App2,Security Team,1,Open,Open
INC0649,109,App5,Support Team,2,Open,Open
INC0650,68,App2,Support Team,10,In Progress,Closed
INC0651,103,App5,Support Team,5,In Progress,Closed
INC0652,85,App1,Support Team,1,In Progress,In Progress
INC0653,72,App4,IT Operations,3,Open,Open
INC0654,84,App1,IT Operations,5,Closed,Closed
INC0655,224,App1,Security Team,9,In Progress,Closed
INC0656,1,App1,Security Team,3,Open,Open
INC0657,134,App5,Support Team,3,In Progress,Closed
INC0658,92,App4,Security Team,8,Open,In Progress
INC0659,108,App2,Support Team,7,Open,In Progress
INC0660,159,App3,Security Team,4,Open,Open
INC0661,202,App5,Security Team,3,Open,Open
INC0662,212,App1,Support Team,7,In Progress,Closed
INC0663,8,App1,IT Operations,6,Closed,Closed
INC0664,150,App3,Support Team,5,In Progress,Closed
INC0665,230,App2,IT Operations,4,In Progress,Open
INC0666,221,App4,Security Team,4,Closed,Closed
INC0667,137,App1,IT Operations,10,Open,In Progress
INC0668,172,App3,Support Team,8,Closed,Closed
INC0669,47,App1,Security Team,5,In Progress,Open
INC0670,1,App3,IT Operations,5,Open,Open
INC0671,105,App2,IT Operations,6,In Progress,Closed
INC0672,180,App3,Support Team,10,Open,In Progress
INC0673,39,App1,Security Team,5,In Progress,Open
INC0674,90,App5,Security Team,2,Open,Open
INC0675,75,App2,IT Operations,2,In Progress,In Progress
INC0676,244,App3,IT Operations,8,Open,In Progress
INC0677,227,App5,IT Operations,10,Closed,Closed
INC0678,124,App4,Security Team,1,In Progress,In Progress
INC0679,88,App4,IT Operations,1,Closed,Closed
INC0680,97,App3,IT Operations,6,Open,In Progress
INC0681,84,App2,Security Team,8,Open,In Progress
INC0682,27,App1,Security Team,1,Closed,Closed
INC0683,207,App4,Support Team,6,Open,In Progress
INC0684,33,App5,Security Team,3,Open,Open
INC0685,116,App5,Security Team,1,Open,Open
INC0686,199,App5,Support Team,10,Closed,Closed
INC0687,98,App4,Security Team,8,In Progress,Closed
INC0688,173,App3,Support Team,6,In Progress,Closed
INC0689,60,App4,Security Team,1,In Progress,In Progress
INC0690,58,App2,Support Team,4,Open,Open
INC0691,179,App2,IT Operations,6,Open,In Progress
INC0692,174,App3,IT Operations,4,Closed,Closed
INC0693,234,App5,IT Operations,3,Closed,Closed
INC0694,133,App4,Support Team,3,Closed,Closed
INC0695,186,App3,IT Operations,1,Closed,Closed
INC0696,94,App1,Security Team,9,Open,In Progress
INC0697,92,App2,Support Team,4,Closed,Closed
INC0698,146,App1,Security Team,10,Closed,Closed
INC0699,164,App1,Security Team,10,Closed,Closed
INC0700,195,App4,Security Team,10,In Progress,Closed
INC0701,149,App3,Support Team,7,Open,In Progress
INC0702,174,App1,Security Team,5,Closed,Closed
INC0703,186,App1,IT Operations,10,Open,In Progress
INC0704,208,App5,Support Team,4,Closed,Closed
INC0705,120,App5,IT Operations,5,In Progress,Open
INC0706,165,App1,Support Team,2,In Progress,In Progress
INC0707,106,App4,Security Team,1,Open,Open
INC0708,191,App1,IT Operations,10,Closed,Closed
INC0709,5,App2,Support Team,2,In Progress,In Progress
INC0710,242,App3,Security Team,2,Closed,Closed
INC0711,243,App4,Security Team,8,Closed,Closed
INC0712,206,App5,Support Team,3,In Progress,Closed
INC0713,159,App3,Support Team,8,In Progress,Closed
INC0714,110,App2,Support Team,1,In Progress,In Progress
INC0715,88,App4,Support Team,2,Open,Open
INC0716,227,App4,IT Operations,9,Open,In Progress
INC0717,164,App4,Support Team,1,Open,Open
INC0718,74,App5,Security Team,4,Open,Open
INC0719,219,App3,IT Operations,6,In Progress,Closed
INC0720,184,App2,Security Team,2,In Progress,In Progress
INC0721,27,App1,Security Team,3,In Progress,Open
INC0722,119,App1,Support Team,2,Closed,Closed
INC0723,23,App1,IT Operations,5,In Progress,Open
INC0724,205,App3,Support Team,8,In Progress,Closed
INC0725,208,App4,Security Team,10,In Progress,Closed
INC0726,99,App2,Support Team,9,In Progress,Closed
INC0727,91,App5,Support Team,5,In Progress,Closed
INC0728,52,App4,Support Team,5,Open,Open
INC0729,231,App5,Support Team,7,Open,In Progress
INC0730,47,App4,Support Team,6,In Progress,Closed
INC0731,209,App1,Support Team,2,Closed,Closed
INC0732,62,App4,IT Operations,1,Closed,Closed
INC0733,189,App1,Support Team,2,Closed,Closed
INC0734,48,App1,IT Operations,1,Closed,Closed
INC0735,105,App2,Support Team,4,In Progress,Closed
INC0736,129,App2,IT Operations,6,Closed,Closed
INC0737,139,App5,Security Team,6,Open,In Progress
INC0738,204,App5,IT Operations,7,Closed,Closed
INC0739,142,App3,IT Operations,10,Closed,Closed
INC0740,72,App3,Security Team,3,Closed,Closed
INC0741,95,App5,Support Team,10,Closed,Closed
INC0742,7,App2,Support Team,6,Open,In Progress
INC0743,174,App1,IT Operations,8,Closed,Closed
INC0744,246,App3,Support Team,6,Open,In Progress
INC0745,159,App2,Support Team,10,Closed,Closed
INC0746,16,App1,Security Team,9,Open,In Progress
INC0747,170,App3,Support Team,2,In Progress,In Progress
INC0748,167,App2,Support Team,6,Open,In Progress
INC0749,54,App5,IT Operations,9,Open,In Progress
INC0750,172,App2,Support Team,10,Closed,Closed
INC0751,83,App3,Support Team,2,Open,Open
INC0752,136,App1,IT Operations,5,Open,Open
INC0753,221,App3,IT Operations,1,Open,Open
INC0754,66,App4,IT Operations,3,Closed,Closed
INC0755,170,App5,Support Team,1,In Progress,In Progress
INC0756,67,App4,Support Team,10,In Progress,Closed
INC0757,115,App3,Support Team,8,Closed,Closed
INC0758,93,App3,Support Team,10,In Progress,Closed
INC0759,79,App2,Support Team,4,Closed,Closed
INC0760,230,App2,Support Team,9,Closed,Closed
INC0761,220,App4,IT Operations,8,Open,In Progress
INC0762,247,App2,IT Operations,8,Closed,Closed
INC0763,101,App2,Support Team,9,In Progress,Closed
INC0764,160,App4,Security Team,2,Closed,Closed
INC0765,222,App2,IT Operations,10,Open,In Progress
INC0766,179,App4,Support Team,9,Open,In Progress
INC0767,175,App1,IT Operations,10,In Progress,Closed
INC0768,94,App4,Security Team,1,In Progress,In Progress
INC0769,115,App2,IT Operations,8,In Progress,Closed
INC0770,162,App5,IT Operations,8,Open,In Progress
INC0771,13,App5,IT Operations,7,Closed,Closed
INC0772,225,App4,IT Operations,6,Closed,Closed
INC0773,234,App5,Support Team,9,Open,In Progress
INC0774,81,App5,Security Team,6,Closed,Closed
INC0775,67,App2,Support Team,5,Closed,Closed
INC0776,201,App1,IT Operations,1,Closed,Closed
INC0777,244,App1,IT Operations,10,Open,In Progress
INC0778,126,App2,IT Operations,2,Closed,Closed
INC0779,139,App1,Security Team,9,In Progress,Closed
INC0780,113,App4,Security Team,1,Open,Open
INC0781,219,App1,Support Team,4,Open,Open
INC0782,156,App5,IT Operations,8,Closed,Closed
INC0783,185,App2,Security Team,4,In Progress,Open
INC0784,121,App3,IT Operations,8,Open,In Progress
INC0785,66,App5,Support Team,6,Closed,Closed
INC0786,193,App5,Support Team,4,Open,Open
INC0787,198,App4,Security Team,9,Open,In Progress
INC0788,89,App3,Support Team,4,Open,Open
INC0789,35,App4,Security Team,2,In Progress,In Progress
INC0790,208,App2,IT Operations,4,In Progress,Open
INC0791,4,App3,Security Team,4,In Progress,Open
INC0792,189,App2,Support Team,1,In Progress,In Progress
INC0793,239,App1,IT Operations,8,In Progress,Closed
INC0794,166,App5,Support Team,3,In Progress,Closed
INC0795,172,App1,IT Operations,1,Closed,Closed
INC0796,212,App2,IT Operations,7,In Progress,Closed
INC0797,89,App4,IT Operations,7,In Progress,Closed
INC0798,71,App5,IT Operations,8,Open,In Progress
INC0799,149,App5,Support Team,8,Open,In Progress
INC0800,135,App3,Security Team,2,In Progress,In Progress
INC0801,29,App1,IT Operations,3,In Progress,Open
INC0802,116,App2,Support Team,9,Open,In Progress
INC0803,135,App2,Support Team,6,Open,In Progress
INC0804,67,App2,Support Team,2,Open,Open
INC0805,93,App2,Security Team,8,Open,In Progress
INC0806,221,App4,Support Team,4,Open,Open
INC0807,103,App2,Support Team,2,Open,Open
INC0808,102,App4,Security Team,7,Open,In Progress
INC0809,124,App4,Support Team,9,Closed,Closed
INC0810,198,App3,Support Team,3,In Progress,Closed
INC0811,110,App3,Security Team,8,In Progress,Closed
INC0812,74,App1,Security Team,9,Open,In Progress
INC0813,101,App2,Security Team,10,In Progress,Closed
INC0814,183,App4,IT Operations,7,Open,In Progress
INC0815,78,App3,Security Team,10,Closed,Closed
INC0816,150,App2,IT Operations,9,Closed,Closed
INC0817,160,App3,IT Operations,6,In Progress,Closed
INC0818,82,App3,Security Team,1,Closed,Closed
INC0819,36,App1,IT Operations,1,Open,Open
INC0820,238,App4,Support Team,10,Closed,Closed
INC0821,244,App4,Support Team,5,Open,Open
INC0822,137,App3,Security Team,7,In Progress,Closed
INC0823,26,App2,IT Operations,1,Open,Open
INC0824,22,App4,Support Team,10,In Progress,Closed
INC0825,174,App1,IT Operations,5,In Progress,Open
INC0826,230,App4,IT Operations,3,Open,Open
INC0827,215,App1,Support Team,3,In Progress,Closed
INC0828,145,App2,Security Team,5,In Progress,Open
INC0829,154,App3,IT Operations,8,Closed,Closed
INC0830,239,App2,Support Team,2,Closed,Closed
INC0831,120,App2,Security Team,10,Open,In Progress
INC0832,166,App1,IT Operations,7,Open,In Progress
INC0833,128,App2,IT Operations,5,In Progress,Open
INC0834,130,App3,IT Operations,7,Closed,Closed
INC0835,134,App4,IT Operations,9,In Progress,Closed
INC0836,199,App1,Security Team,7,Open,In Progress
INC0837,141,App1,IT Operations,10,Open,In Progress
INC0838,91,App2,Support Team,3,Closed,Closed
INC0839,75,App2,Support Team,8,In Progress,Closed
INC0840,183,App2,Support Team,5,Closed,Closed
INC0841,79,App5,Security Team,1,Open,Open
INC0842,63,App3,Support Team,2,Open,Open
INC0843,73,App2,IT Operations,7,Closed,Closed
INC0844,200,App5,IT Operations,5,Closed,Closed
INC0845,46,App1,Support Team,1,In Progress,In Progress
INC0846,134,App3,Security Team,1,Closed,Closed
INC0847,48,App5,Security Team,3,In Progress,Open
INC0848,188,App1,IT Operations,8,Open,In Progress
INC0849,171,App4,IT Operations,7,Closed,Closed
INC0850,196,App4,Support Team,7,Closed,Closed
INC0851,139,App3,Security Team,8,In Progress,Closed
INC0852,243,App5,Support Team,8,In Progress,Closed
INC0853,58,App5,IT Operations,1,In Progress,In Progress
INC0854,220,App1,IT Operations,10,Open,In Progress
INC0855,90,App4,Support Team,5,Closed,Closed
INC0856,132,App4,Security Team,2,Closed,Closed
INC0857,126,App2,IT Operations,5,In Progress,Open
INC0858,207,App5,IT Operations,10,Open,In Progress
INC0859,83,App3,Security Team,6,Closed,Closed
INC0860,198,App4,IT Operations,10,Open,In Progress
INC0861,187,App3,Security Team,1,In Progress,In Progress
INC0862,133,App3,Security Team,7,In Progress,Closed
INC0863,18,App2,IT Operations,5,Open,Open
INC0864,198,App4,Support Team,5,Open,Open
INC0865,192,App3,IT Operations,2,Open,Open
INC0866,95,App4,IT Operations,8,Open,In Progress
INC0867,153,App2,IT Operations,1,Open,Open
INC0868,132,App1,IT Operations,2,Open,Open
INC0869,70,App1,Support Team,3,In Progress,Closed
INC0870,169,App1,Support Team,9,Open,In Progress
INC0871,165,App3,Support Team,8,Open,In Progress
INC0872,59,App3,Security Team,10,Closed,Closed
INC0873,178,App3,Support Team,9,In Progress,Closed
INC0874,184,App4,Security Team,1,In Progress,In Progress
INC0875,153,App5,IT Operations,1,In Progress,In Progress
INC0876,162,App4,Support Team,1,Open,Open
INC0877,147,App1,Support Team,3,Open,Open
INC0878,98,App5,Support Team,7,Open,In Progress
INC0879,207,App2,Support Team,9,Open,In Progress
INC0880,242,App5,Support Team,4,Closed,Closed
INC0881,136,App2,IT Operations,8,Open,In Progress
INC0882,182,App3,Support Team,4,Open,Open
INC0883,236,App1,Security Team,4,Closed,Closed
INC0884,47,App3,Security Team,6,Open,In Progress
INC0885,241,App4,Support Team,6,Open,In Progress
INC0886,245,App3,Security Team,5,Closed,Closed
INC0887,128,App3,Support Team,9,Open,In Progress
INC0888,162,App5,IT Operations,10,Open,In Progress
INC0889,82,App2,Security Team,3,Open,Open
INC0890,158,App1,Support Team,9,In Progress,Closed
INC0891,13,App3,Security Team,6,Open,In Progress
INC0892,119,App3,Support Team,8,Open,In Progress
INC0893,47,App2,Security Team,6,Open,In Progress
INC0894,119,App4,IT Operations,5,In Progress,Open
INC0895,33,App4,Security Team,5,Closed,Closed
INC0896,35,App5,Security Team,8,Closed,Closed
INC0897,116,App2,Security Team,9,Open,In Progress
INC0898,88,App3,Security Team,9,Closed,Closed
INC0899,125,App4,Support Team,6,Open,In Progress
INC0900,154,App4,IT Operations,7,In Progress,Closed
INC0901,175,App1,IT Operations,7,Closed,Closed
INC0902,243,App1,Security Team,4,In Progress,Open
INC0903,108,App5,Security Team,7,Closed,Closed
INC0904,53,App4,IT Operations,1,In Progress,In Progress
INC0905,234,App4,IT Operations,6,In Progress,Closed
INC0906,111,App2,IT Operations,7,Open,In Progress
INC0907,65,App1,IT Operations,10,Open,In Progress
INC0908,77,App1,Security Team,6,Closed,Closed
INC0909,119,App4,IT Operations,5,In Progress,Open
INC0910,74,App5,Security Team,4,Closed,Closed
INC0911,147,App4,Security Team,1,Open,Open
INC0912,5,App3,IT Operations,6,In Progress,Closed
INC0913,8,App1,Support Team,2,Open,Open
INC0914,132,App1,Security Team,6,Closed,Closed
INC0915,49,App2,IT Operations,2,In Progress,In Progress
INC0916,77,App5,Security Team,2,Open,Open
INC0917,38,App2,Support Team,9,In Progress,Closed
INC0918,117,App1,IT Operations,8,In Progress,Closed
INC0919,238,App5,Security Team,10,Closed,Closed
INC0920,49,App4,Support Team,4,Open,Open
INC0921,110,App4,Support Team,6,In Progress,Closed
INC0922,211,App5,Security Team,3,Closed,Closed
INC0923,180,App3,IT Operations,7,Open,In Progress
INC0924,50,App4,IT Operations,4,Closed,Closed
INC0925,72,App2,Security Team,9,Open,In Progress
INC0926,91,App4,Support Team,5,In Progress,Closed
INC0927,178,App4,Support Team,9,Closed,Closed
INC0928,239,App3,Support Team,1,Open,Open
INC0929,30,App4,Support Team,9,Closed,Closed
INC0930,4,App2,Security Team,5,In Progress,Open
INC0931,75,App2,Support Team,1,In Progress,In Progress
INC0932,85,App2,Security Team,6,Open,In Progress
INC0933,235,App1,IT Operations,6,Open,In Progress
INC0934,66,App4,IT Operations,3,Open,Open
INC0935,120,App4,Support Team,5,In Progress,Closed
INC0936,21,App5,Support Team,9,Closed,Closed
INC0937,209,App3,Support Team,9,Open,In Progress
INC0938,43,App1,IT Operations,5,Closed,Closed
INC0939,243,App4,Security Team,2,In Progress,In Progress
INC0940,29,App2,Security Team,9,Closed,Closed
INC0941,155,App1,Security Team,9,Open,In Progress
INC0942,88,App1,Support Team,9,Open,In Progress
INC0943,181,App2,Security Team,4,Open,Open
INC0944,49,App5,Support Team,4,In Progress,Closed
INC0945,195,App4,IT Operations,3,In Progress,Open
INC0946,103,App3,Security Team,10,In Progress,Closed
INC0947,10,App5,Support Team,6,Closed,Closed
INC0948,3,App3,Security Team,8,Open,In Progress
INC0949,117,App3,IT Operations,6,In Progress,Closed
INC0950,109,App4,Security Team,9,In Progress,Closed
INC0951,234,App1,Security Team,8,Open,In Progress
INC0952,90,App2,IT Operations,10,Open,In Progress
INC0953,125,App3,Support Team,1,Open,Open
INC0954,118,App5,Support Team,3,Closed,Closed
INC0955,101,App4,Support Team,8,Closed,Closed
INC0956,91,App4,Security Team,4,In Progress,Open
INC0957,69,App5,Security Team,6,Closed,Closed
INC0958,106,App3,Support Team,2,In Progress,In Progress
INC0959,11,App3,Support Team,6,Open,In Progress
INC0960,13,App3,Security Team,2,Closed,Closed
INC0961,105,App5,Support Team,2,In Progress,In Progress
INC0962,226,App3,Support Team,3,In Progress,Closed
INC0963,166,App5,Security Team,5,Closed,Closed
INC0964,168,App4,IT Operations,4,In Progress,Open
INC0965,161,App5,Security Team,2,Open,Open
INC0966,123,App2,Support Team,10,In Progress,Closed
INC0967,34,App1,Support Team,2,Open,Open
INC0968,155,App1,IT Operations,3,Closed,Closed
INC0969,100,App2,IT Operations,9,Closed,Closed
INC0970,218,App5,Security Team,2,In Progress,In Progress
INC0971,51,App1,IT Operations,8,Closed,Closed
INC0972,89,App2,Support Team,9,Closed,Closed
INC0973,211,App3,Support Team,3,Open,Open
INC0974,21,App2,Support Team,10,Open,In Progress
INC0975,223,App1,Support Team,7,Closed,Closed
INC0976,157,App5,IT Operations,6,Closed,Closed
INC0977,73,App5,Support Team,2,In Progress,In Progress
INC0978,19,App5,Support Team,10,Open,In Progress
INC0979,154,App1,Support Team,7,Closed,Closed
INC0980,153,App3,Security Team,10,In Progress,Closed
INC0981,40,App5,Security Team,3,Open,Open
INC0982,235,App4,Support Team,6,In Progress,Closed
INC0983,124,App3,IT Operations,7,Closed,Closed
INC0984,29,App2,IT Operations,2,Closed,Closed
INC0985,153,App4,Security Team,6,Closed,Closed
INC0986,147,App3,Security Team,9,Open,In Progress
INC0987,196,App1,IT Operations,5,Open,Open
INC0988,173,App4,Security Team,7,Closed,Closed
INC0989,212,App3,Security Team,6,In Progress,Closed
INC0990,46,App3,Support Team,7,Closed,Closed
INC0991,55,App3,IT Operations,1,Closed,Closed
INC0992,1,App3,Support Team,3,Open,Open
INC0993,139,App5,Security Team,6,In Progress,Closed
INC0994,196,App4,Security Team,7,In Progress,Closed
INC0995,135,App3,Security Team,3,Open,Open
INC0996,220,App2,Security Team,10,In Progress,Closed
INC0997,100,App3,IT Operations,2,In Progress,In Progress
INC0998,186,App5,IT Operations,5,Closed,Closed
INC0999,199,App4,IT Operations,9,In Progress,Closed
INC1000,148,App4,IT Operations,9,Open,In Progress
